Code,Message
CMN00001,Chúc mừng sinh nhật Sotrans. Chúc Công ty ngày càng phát triển
CMN00002,Mừnh sinh nhật lần thứ 50 cua cty .. chúc cty ngay càng phát trien và vươn xa hơn nữa
CMN00004,Chúc mừng kỷ niệm 50 năm ngày thành lập CTy Sotrans . Chúc Cty sớm hoàn tành mục tiêu .
CMN00006,"Sinh nhật rực rỡ, hành trình phía trước càng mạnh mẽ – Chúc mừng Sotrans Logistics!"
CMN00007,Chúc Sotrans gruop có một sinh nhật thật ý nghĩa và có thêm sinh nhật 50 năm trong tương lai
CMN00008,"Chúc tập đoàn ngày càng cắm rễ sâu trong ngành, cành vươn nhiều lá ngọt, tạo ra nhiều giá trị."
CMN00009,"Chúc công ty luôn bên vững và phát triển, đạt được những mục tiêu đã đề ra một cách thuận lợi"
CMN00010,Chúc mừng sinh nhật SoTran Group
CMN00011,"50 năm phát triển bền vững. Chúc Sotrans luôn năng động, trẻ trung, tăng trưởng và thành công !"
CMN00012,Chúc mừng sinh nhật SOTRANS - Phát triển mạnh và rất mạnh hơn nữa.
CMN00013,Chúc mừng kỷ niệm 50 năm thành lập. Xin chúc STG giữ vững vị thế tiên phong trên thị trường.
CMN00014,"Chúc mừng Sinh nhật Sotrans Group, chúc Tập đoàn phát triển vững mạnh."
CMN00016,"Chúc cho STG ngày càng phát triển, thịnh vượng và vươn ra biển lớn."
CMN00020,Xin chúc mừng Sotrans 50 năm – phát triển bền vững và rực rỡ hơn nữa!
CMN00021,Chuc mừng sn sotrans group
CMN00022,"Chúc công ty tiếp tục phát triển bền vững, đột phá mạnh mẽ, và vươn xa hơn nữa."
CMN00023 ,Chúc cty ngày càng lớn mạnh và phát triển
CMN00024,Chúc Sotrans Group vững mạnh phát triển
CMN00025,HAPPY BIRTHDAY STG
STH00001,Chúc mừng SWC và STG sinh nhật 50 tuổi!
STH00002,Chúc mừng sinh nhật lần thứ 50 SWC và STG!
STH00006,Happy Birthday Sotrans Group
STH00007,Chúc mừng kỷ niệm 50 năm thành lập Công ty CP Kho vận miền Nam. Chúc công ty ngày càng lớn mạnh
STH00008,"Chúc mừng Sotrans 50 năm – nửa thế kỷ uy tín, vững bước tương lai!"
STH00009,"Chúc Sotrans ngày càng phát triển lớn mạnh, trở thành đầu tàu trong ngành Logistics !!!"
STH00010,Happy birthday
STH00011,Happy birthday Sotrans 50 năm thành lập - vững mạnh với thời gian!
STH00012,Chúc Đại gia đình Sotrans luôn giữ vững tinh thần tiên phong không ngừng đổi mới và bứt phá mạnh mẽ!
STH00013,"Xin chúc công ty ngày càng vững mạnh, ngày càng uy tín trên thị trường logistics Việt Nam v"
STH00017,happy birthday
STH00018,50 năm một chặng đường – chúc Sotrans tiếp tục thành công và vươn tầm quốc tế!!!!
STH00020,"50 vinh quang, trường tồn ✨🏆🥇"
STH00024,Chúc mừng sinh nhật STL 50 năm.
STH00048,Tiếp tục phát triển bền vững cho 50 tiếp theo.
STH00049,Chúc mừng sinh nhật sotrans group
STH00050,"Chúc mừng SOTRANS 50 năm thành lập, nửa thế kỷ đưa logistic Việt Nam vươn tầm quốc tế!"
STH00051,"Một chặng đường mới mở ra, chúc đại gia đình Sotrans luôn vững vàng – bứt phá – thành công"
STH00052,Happy birthday SWC
STH00053,"Chúc Công ty ngày càng thành công, phát triển nhanh, thần tốc, bền vững."
STH00054,Chúc mừng sinh nhật SOTRANS
STH00056,CHÚC MỪNG SINH NHẬT SOTRANS MÃI LỚN MẠNH!
STH00059,"Chúc toàn thể Sotrans luôn phát triển bền vững, vững mạnh!"
STH00060,100k
STH00061,Chúc công ty ngày càng thành công rực rỡ 🥰
STH00062,"Chúc Sotrans Group ngày một vững mạnh, tiến bước không ngừng và gặt hái được những thành quả to lớn"
STH00064,CHÚC SOTRANS PHÁT TRIỂN BỀN VỮNG VÀ CÓ NHIỀU ĐỘT PHÁ VƯƠN TẦM THẾ GIỚI
STH00066,Chúc mừng sinh nhật Sotrans Logistics phát triển bền vững
STH00067,chúc mừng sinh nhật sotrans group
STH00068,Chúc Công Ty ngày càng phát triển mạnh mẽ
STH00069,Chuc mung cty tròn 50nam tuỏi...thành cong mỹ mãn....lớn manh...cho cuôc song cong nhân duoc ấm no..
STH00070,Chúc mừng SOTRANS 50 năm thành lập. Nửa thế kỷ đưa logistic Việt Nam vươn tầm quốc tế!
STH00071,"Thêm một tuổi mới, chúc SOTRANS luôn vững bước và gặt hái nhiều thành công!"
STH00072,Chúc mừng sinh nhật SOTRANS
STL00001,Chúc mừng sinh nhật sotrans
STL00002,Kỉ niệm 50 năm một hành trình.Kính chúc cty ngày một lớn mạnh và phát triển mạnh mẽ trong tương lại
STL00003,NICE DAY
STL00006,"CHÚC CTY LUÔN PHÁT ĐẠT, NHÂN VIÊN LUÔN HẠNH PHÚC TRONG CUỘC SỐNG"
STL00007,"Chúc Sotrans thêm một tuổi mới thật nhiều bứt phá, giữ vững tinh thần đoàn kết và vươn xa hơn nữa!"
STL00008,Chúc mừng 50 năm sinh nhật Sotrans Group luôn thành công và phát triển vững mạnh.
STL00009,50 năm một hành trình rực rỡ-cùng gia đình SOTRANS GROUP viết tiếp ước mơ và chinh phục tầm cao mới.
STL00018,"Chúc công ty sinh nhật vui vẻ! Ngày càng phát triển, thịnh vượng."
STL00021,"Chúc Sotrans ngày càng lớn mạnh, là chỗ dựa vững chắc cho nhân viên, là sự lựa chọn hàng đầu của KH"
STL00022,Vạn sự tốt lành. Vạn điều hanh thông
STL00024,Chúc mừng sinh nhật SOTRANS
STL00025,Chúc Mừng sinh nhật Sotrans yêu !!!
STL00027,Chúc mừng sinh nhật SOTRANS
STL00029,HPDB
STL00030,Chúc mừng sinh nhật Sotrans Group
STL00031,Mừng kỷ niệm 50 năm: Gắn kết – Phát triển – Thành công
STL00036,Happy Birthday SOTRANS
STL00037,Chúc mừng sinh nhật SOTRANS
STL00038,Chúc mừng sinh nhật SOTRANS
STL00039,50 một chặng đường.chúc sotrans tiếp tục thành công và vươn tầm quốc tế
STL00040,Chúc Công ty ngày càng phát triển bền vững
STL00041,Happy Birthday! Chúc Công ty thêm tuổi mới với nhiều thành công mới
STL00042,Chúc công ty ngày càng thành công
STL00043,Chúc mừng sinh thần công ty Sotrans.
STL00044,"Chúc mừng sinh nhật công ty 50 năm, chúc công ty ngày càng vững mạnh và đạt nhiều mục tiêu"
STL00045,chúc công ty thật nhiều thành công nhé
STL00047,"chúc mừng sinh nhật đại gia đình Sotrans, chúc Sotrans sắp tới sẽ phát triển vượt bậc"
STL00048,Chúc công ty ngày càng phát triển mạnh
STL00049,Hẹ Hẹ Hẹ
STL00050,Chúc mừng Sotrans Group tròn 50 tuổi! Mong công ty của chúng ta ngày càng phát triển vững bền.
STL00051,Chúc công ty ngày càng phát triển.
STL00052,Chúc mừng sinh nhật Sotrans
STL00053,Happy Birthday Sotrans Group
STL00054,"Chúc mừng Sotrans 50 năm thành lập, luôn vững vàng phát triển, bền vũng hồng phát."
STL00056,"CHÚC SOTRANS PHÁT TRIỂN, THÀNH CÔNG, DẪN ĐẦU, VƯƠN TẦM THẾ GIỚI"
STL00058,
STL00059,
STL00062,
STL00067,
STL00068,"Chúc mừng Sotrans Logistics 50 năm thành công rực rỡ, vững bước tương lai, vươn xa thế giới.”"
STL00069,
STL00070,
STL00072,
STL00073,
STL00074,
STL00076,
STL00077,
STL00081,
STL00082,
STL00083,
STL00085,STL00053
STL00086,chúc công ty ngày càng phát đạt và lớn mạnh không những trong nước mà còn vươn ra tầm thế giới
STL00087,
STL00088,
STL00092,
STL00093,
STL00094,
STL00095,
STL00096,
STL00097,
STL00098,
STL00102,
STL00104,
STL00105,
STL00106,
STL00109,
STL00110,
STL00113,
STL00115,
STL00117,
STL00118,
STL00119,
STL00120,
STL00122,
STL00123,
STL00124,
STL00126,
STL00128,
STL00129,
STL00131,
STL00132,
STL00133,
STL00134,
STL00135,
STL00136,
STL00138,
STL00139,
STL00142,
STL00145,
STL00146,
STL00149,
STL00150,
STL00152,
STL00153,
STL00155,
STL00157,
STL00158,
STL00159,chúc mừng sinh nhật Sotrans
STL00160,
STL00161,
STL00163,
STL00164,
STL00166,
STL00167,
STL00169,
STL00171,
STL00174,
STL00176,
STL00177,
STL00178,
STL00179,
STL00180,
STL00181,
STL00184,
STL00185,
STL00188,
STL00189,
STL00190,
STL00191,
STL00195,
STL00196,
STL00199,
STL00204,
STL00205,
STL00207,
STL00208,"Kính chúc công ty tuổi mới vững mạnh hơn, đạt được nhiều thành công vang dội, và phát triển bền vững"
STL00209,CHÚC CÔNG TY NGÀY CÀNG PHÁT TRIỂN
STL00210,
STL00211,
STL00212,"chúc Sotrans sẽ có thêm nhiều lần 50 năm nữa, mãi mãi phát triển"
STL00213,Chúc mừng sinh nhật Sotrans 50 năm luôn phát triển bền vững.
STL00214,
STL00215,Mừng sinh nhật công ty 50 năm thành lập
STL00217,
STL00218,"Chúc công ty ngày càng phát triển bền vững, vươn xa tầm quốc tế,"
STL00219,"Chúc mừng Sotrans kỷ niệm 50 năm. Chúc Sotrans thành công, phát triển bền vững."
STL00220,
STL00221,50 năm không chỉ là thời gian mà còn là lịch sử - Happy Birthday!
STL00222,"Chúc mừng 50 năm thành công rực rỡ, vững bước phát triển bền vững!"""
STL00224,
STL00225,"Mừng ngày sinh nhật Sotrans,50 năm biết bao cống hiến cho đời"
STL00227,
STL00228,
STL00229,
STL00230,Happy birthday STL
STL00232,
STL00233,
STL00234,
STL00235,
STL00236,
STL00237,
STL00238,
STL00240,CONGRATULATIONS ! HAPPY BIRTHDAY SOTRANS- 50 YEARS
STL00241,
STL00242,
STL00243,
STL00244,
STL00245,
STL00246,
STL00247,
STL00248,
STL00249,
STL00250,
STL00251,
STL00252,
STL00253,
STL00254,
STL00255,
STL00256,
STL00259,
STL00260,
STL00261,
STL00262,
STL00264,
STL00266,
STL00267,
STL00269,Quan hệ kinh doanh của chúng ta là cảm hứng và độc đáo. Chúc c.ty càng ngày phát triển và lớn mạnh.
STL00270,
STL00271,
STL00272,
STL00273,
STL00274,
STL00275,
STL00276,
STL00277,
STL00278,
STL00279,
STL00280,
STL00281,
STL00282,
STL00283,Cùng cả nước đón mừng sinh nhật Sotrans 1975-2025
STL00285,Chúc SOTRANS tiếp tục giữ vững vị thế tiên phong trong ngành logistics.
STL00286,"Chúc công ty ngày càng phát triển, không chỉ về doanh thu mà còn cả về số ngày nghỉ phép cho nv ^^"
STL00287,
STL00289,
STL00291,"Chúc STG tuổi mới bứt phá, vươn mình và tiếp tục giữ vững, khẳng định vị thế"
STL00292,
STL00296,"Chúc mừng Sotrans 50 năm, một hành trình đáng tự hào.Chúc Sotrans tiếp tục rạng rỡ ở chặng đường tới"
STL00297,Chúc mừng sinh nhật 50 năm Sotrans – nơi Xuân luôn tự hào và gắn bó! ❤️
STL00298,
STL00299,"Chúc công ty ngày càng lớn mạnh, chinh phục những đỉnh cao mới."
STL00300,happy happy
STL00302,
STL00303,
STL00304,
STL00305,
STL00306,20 năm của tôi trong 50 năm Sotrans và còn nữa
STL00308,
STL00309,Chúc SOTRANS mãi thịnh vượng
STL00310,
STL00311,
STL00312,"Chúc công ty SOTRANS ngày càng phát triển, vươn xa và bền vững!"
STL00314,
STL00315,"Mừng công ty thêm tuổi mới. Phát triển bền vững, đột phá thành công. Uy tín vang xa khắp 5 Châu 4 Bể"
STL00317,
STL00318,
STL00320,
STL00321,
STL00323,
STL00325,"Chúc mừng 50 năm thành lập! Kính chúc công ty phát triển bền vững, vươn xa và thịnh vượng mãi mãi!"
STL00326,
STL00327,Chúc mừng sinh nhật STG
STL00328,"Chúc mừng Sinh nhật STL, chúc cho STL ngày càng phát triển"
STL00329,"Chúc mừng sinh nhật Công ty Sotrans Logistics! Chúc công ty ngày càng phát triển vững mạnh, bền vững"
STL00330,
STL00331,CHÚC MỪNG SINH NHẬT SOTRANS. CHÚC SOTRANS PHÁT TRIỂN LỚN MẠNH
STL00332,
STL00333,
STL00334,
STL00335,
STL00336,
STL00340,"Chúc STG phát triển lớn mạnh, thành công. Anh chị em đồng nghiệp mạnh khỏe, bình an!"
STL00341,
STL00343,"Mừng sinh nhật công ty, hy vọng công ty sẽ vươn vai kết nối với toàn cầu, mở rộng quy mô hoạt động."
STL00347,"Mừng sinh nhật SOTRANS. Chúc công ty thịnh vượng, luôn thuộc top công ty logistics uy tín"
STL00348,CHÚC MỪNG SINH NHẬT SOTRANS. CHÚC SOTRANS LUÔN PHÁT TRIỂN VÀ LỚN MẠNH.
STL00349,Hội nhập - phát triển- đón đầu xu hướng Logictis . Sotrans VN tăng trưởng vững bền
STL00350,
STL00351,
STL00352,
STL00354,
STL00355,Chúc mừng sinh nhật SOTRANS
STL00356,"Chúc công ty tuổi mới phát tài phát lộc 8386, Sotrans mãi đỉnh mãi đỉnh ♥️"
STL00359,
STL00362,
STL00364,"50 năm – một hành trình bền bỉ, một chặng đường tự hào. Chúc mừng sinh nhật Sotrans"
STL00365,
STL00367,"Chúc Sotrans luôn vững mạnh, không ngừng đổi mới, gặt hái thành công vượt bậc hơn nữa"
STL00368,
STL00369,Chúc Sotrans mãi đỉnh ^^
STL00373,
STL00374,
STL00376,
STL00377,
STL00382,
STL00383,Chúc Công ty ngày càng phát triển
STL00387,Chúc cho công ty làm ăn thật phát đạt. Ngày càng lớn mạnh và tăng trưởng vượt bậc
STL00392,"xin chúc công ty ngày càng phát triển vững mạnh, không ngừng đổi mới và vươn xa hơn."
STL00394,
STL00395,
STL00397,
STL00398,
STL00402,
STL00403,
STL00411,
STL00416,CHÚC CÔNG TY NGÀY CÀNG PHÁT TRIỂN ĐỂ ĐỜI SỐNG NHÂN VIÊN ĐI LÊN
STL00421,
STL00424,"Happy Golden Anniversary, SOTRANS!Forward together – Faster, Stronger, Smarter!"
STL00428,
STL00430,Chúc cho công ty làm ăn thật phát đạt. Ngày càng lớn mạnh và tăng trưởng vượt bậc.
STL00433,Chúc mừng công ty nhân dịp kỷ niệm 50 năm thành lập! Chúc công ty ngày càng phát triển
STL00434,"MỪNG SINH NHẬT CTY, CHÚC CTY ĂN NÊN LÀM RA, DOANH THU HƠN 1000 TỶ"
STL00437,Happy birthday Sotrans
STL00440,
STL00442,Chúc mừng sinh nhật cty ạ
STL00446,
STL00452,
STL00454,
STL00456,
STL00458,chuc mung sinh nhat
STL00459,
STL00460,
STL00461,HPBD🥳🥳🥳
STL00463,
STL00464,
STL00465,
STL00466,
STL00471,"húc công ty tiếp tục vững bước phát triển, ngày càng lớn mạnh, không ngừng đổi mới – sáng tạo."
STL00473,wish SOTRANS more and more prosperous
STL00474,
STL00475,"Nửa thế kỷ lập nghiệp, chúc Sotrans Group ngày càng vững bước trường tồn, vươn mình ra biển lớn."
STL00480,HPBD
STL00482,
STL00486,
STL00492,
STL00493,MỪNG SINH NHẬT CÔNG TY LẦN THỨ 50
STL00495,"Chúc mừng sinh nhật công ty! Chúc doanh nghiệp ta phát triển , vươn tầm. Sotrans mãi đỉnh"
STL00496,"CHÚC CÔNG TY ĂN NÊN LÀM RA, SỐNG LÂU MẤY TRĂM TUỔI KKK"
STL00502,
STL00509,
STL00510,
STL00512,
STL00513,"CHÚC MỪNG SINH NHẬT SOTRANS ""GHÉP ĐÔI"""
STL00514,
STL00515,
STL00516,
STL00518,
STL00522,
STL00526,
STL00528,
STL00529,
STL00531,Ngày mới vui vẻ
STL00534,
STL00536,
STL00537,
STL00543,
STL00545,
STL00549,
STL00552,
STL00554,
STL00555,
STL00556,
STL00557,
STL00558,"Wishing the company continued growth, sustainable success, and many new achievements in the yeaahead"
STL00560,CHÚC MỪNG SINH NHẬT 50 NĂM
STL00572,
STL00577,"Chúc mừng sinh nhật Sotrans ! Chúc công ty ngày càng lớn mạnh, vươn xa"
STL00581,
STL00583,
STL00585,Chúc công ty phát triển thịnh vượng
STL00588,
STL00593,"Chúc công ty luôn bứt phá, thành công rực rỡ."
STL00595,
STL00596,CHÚC MỪNG SINH NHẬT SOTRANS YÊU
STL00597,
STL00602,"Kính chúc công ty sẽ ngày càng phát triển mạnh mẽ, tiếp tục có những bước đi thật vững chắc."
STL00603,
STL00604,
STL00605,
STL00606,Congratulations on the 50th anniversary of Sotrans's remarkable journey and success!
STL00607,Mừng sinh nhật lần thứ 50 của công ty. Hy vọng SOTRANS sẽ phát triển hơn nữa trong tương lai.
STL00608,Chúc mừng sinh nhật
STL00611,
STL00613,
STL00615,
STL00617,
STL00619,"Nhân dịp 50 năm thành lập, chúc cho STG ngày càng vững mạnh, phát triển thịnh vượng và vươn xa hơn!!"
STL00620,
STL00622,
STL00623,
STL00624,"chúc mừng sinh nhật 50 năm Công ty Sotrans, Mong rằng công ty sẽ ngày càng lớn mạnh, bền vững."
STL00625,
STL00627,CHÚC MỪNG SINH NHẬT SOTRANS
STL00628,
STL00630,Sinh nhật vui vẻ
STL00631,
STL00633,
STL00634,
STL00635,Happy birthday
STL00636,
STL00638,"Happy Birthday to our company! Wishing continuous growth, success, and prosperity in the years ahead"
STL00640,"Chúc mừng sinh nhật công ty 50 năm, chúc công ty ngày càng vững mạnh đạt nhiều thành tựu."
STL00641,"Chúc mừng sinh nhật đại gia đình Sotrans, chúc Sotrans phát triển vững mạnh, tăng trưởng vượt bậc"
STL00642,Chúc công ty ngày càng phát triển và thành công hơn ạ
STL00644,"Chúc Sotrans ngày cảng phát triển, gặt hái được nhiều thành công và ngày càng đi xa hơn nữa"
STL00646,
STL00648,Chúc mừng sinh nhật Sotrans logistics 50 năm phát triển rực rỡ và thành công những bước tiến tếp.
STL00649,"Chúc Sotrans ngày càng phát triển hưng thịnh, bền vững và tiếp tục chinh phục nhiều thành công mới"
STL00650,
STL00651,
STL00652,HPBD Sotrans LogisticsHy vọng rằng chặng đường phía trước sẽ còn rực rỡ hơn nữa
STL00658,Hapi hapi hapi
STL00659,"Tuổi mới chúc công ty ngày càng “lớn nhanh, khỏe mạnh, hợp đồng ký lia lịa, doanh thu tăng vù vù 🚀"
STL00660,
STL00661,
STL00662,
STL00663,
STL00664,
STL00666,Chúc Sotrans ngày càng phát triên và lớn mạnh nhé
STL00668,
STL00669,
STL00670,
STL00673,
STL00674,
STL00675,Chúc Sotrans ngày càng phát triển vững mạnh và giữ vững vị thế tiên phong trong ngành logistics.
STL00678,Chúc mừng sinh nhật STG. Chúc ngày càng phát triển và vươn xa hơn nữa
STL00679,
STL00682,
STL00684,
STL00686,
STL00687,
STL00689,
STL00690,Chúc mừng sinh nhật công ty Sotrans một tuổi mới ngày càng phát triển và đi lên
STL00692,Tự hào đồng hành cùng công ty! Chúc đại gia đình thêm tuổi mới – thêm sức mạnh – thêm thành công!
STL00693,Công ty sinh nhật vui vẻ 🥳
STL00694,"Chúc công ty ngày càng vững mạnh, phát triển, và đạt được nhiều thành tựu trong ngành"
STL00695,
STL00698,
STL00701,生日快乐。
STL00702,
STL00703,
STL00705,
STL00708,
STL00709,"Chúc công ty tiếp tục vững vàng đưa chúng ta tiến ra biển lớn, gặt hái thêm nhiều thành công."
STL00710,
STL00711,"Kính chúc CTY tiếp tục giữ vững vị thế, k ngừng đổi mới và tỏa sáng trên thị trường trong nước và QT"
STL00712,"Chúc công ty thêm tuổi mới, thêm thành công, thêm cơ hội và thêm những bước tiến vững chắc!"
STL00713,"Chúc công ty bùng nổ doanh số, đội ngũ thì máu lửa như forklift giờ cao điểm!"
STL00715,"Kính chúc công ty Sotrans ngày càng phát triển, tiếp tục khẳng định vị thế trong ngành logistics."
STL00716,Chúc Sotrans ngày càng phát triển và vững mạnh
STL00719,
STL00720,Happy Birthday
STL00721,Happiii Happiiiiiii !!!!
STL00722,"50 năm – nửa thế kỷ vững vàng, trăm năm vẫn huy hoàng 🌟"
STL00723,"Chúc Sotrans sinh nhật vui vẻ nhé! Chúc cậu sẽ phát triển hơn nữa, thành công rực rỡ trong tương lai"
STL00725,Kỷ niệm 50 năm – hành trình tự hào của Sotrans. Chúc công ty ngày càng phát triển bền vững!
STL00726,
STL00727,
STL00729,
STL00730,
STL00731,Chúc mừng sinh nhật đại STG <3 !
STL00733,"Nhân dịp đặc biệt này, xin gửi lời tri ân sâu sắc đến ban lãnh đạo và toàn thể nhân viên"
STL00734,
STL00735,
STL00736,
STL00737,
STL00738,
STL00740,HAPPY BIRTDAY STG
STL00741,
STL00742,"Chúc công ty ngày càng phát triển vững mạnh, luôn giữ vững uy tín và vị thế trên thị trường."
STL00743,CHÚC MỪNG SINH NHẬT CÔNG TY. CHÚC CÔNG TY NGÀY 1 PHÁT TRIỂN
STL00745,"Chúc công ty tiếp tục chinh phục những đỉnh cao mới, vươn tầm quốc tế và không ngừng lan tỏa giá trị"
STL00748,
STL00749,
STL00750,we make it simple
STL00751,
STL00752,
STL00753,
STL00754,"Nhân dịp kỷ niệm ngày thành lập, xin chúc công ty ngày càng phát triển vững mạnh, thành công"
STL00755,"CUNG HỈ PHÁT TÀI, TIỀN VÔ NHƯ NƯỚC"
STL00756,
STL00757,
STL00758,HAPPY BIRTHDAY
STL00760,Nhân dịp sinh nhật 50 năm thành lập công ty phát triển mạnh mẽ ổn định
STL00761,"Chúc công ty ngày càng phát triển rực rỡ, đạt được nhiều thành công mới."
STL00762,"Chúc SOTRANS có hành trình phía trước luôn rực rỡ ánh sáng, thành công và phát triển bền vững!"
STL00763,Chúc công ty làm ăn phát đạt
STL00764,"Wishing our company more success, more joy, and endless opportunities in the future"
STL00765,"Mừng Sotrans được 50 năm hoạt động, chúc Sotrans những năm tiếp theo sẽ phát triển thịnh vượng hơn."
STL00766,
STL00767,
STL00768,
STL00769,
STL00770,
STL00771,
STL00772,
STL00774,
STL00775,"Chúc mừng sinh nhật SOTRANS! Chúc công ty ngày càng phát triển, vững mạnh và thành công rực rỡ.."
STL00776,
STL00777,
STL00778,
STL00779,
STL00780,
STL00782,
STL00783,
STL00784,
STL00785,"Chúc mừng sinh nhật Sotrans, chúc công ty ngày càng phát triển vững mạnh."
STL00786,
STL00787,
STL00788,
STL00789,
SWC00001,
SWC00002,
SWC00003,
SWC00004,
SWC00007,
SWC00008,
SWC00009,
SWC00010,
SWC00011,
SWC00013,
SWC00014,
SWC00015,
SWC00016,
SWC00018,
SWC00019,
SWC00020,
SWC00021,
SWC00022,
SWC00024,
SWC00025,
SWC00027,
SWC00028,
SWC00030,
SWC00032,
SWC00033,
SWC00035,
SWC00036,
SWC00039,"Chúc mừng sn SOTRANS GROUP, mong rằng Cty sẽ ngày càng phát triển và thành công ạ"
SWC00040,"Chúc mừng sinh nhật công ty tròn 50 tuổi, đạt nhiều thắc lợi, những hợp đồng to và doanh thu khủng"
SWC00041,
SWC00042,
SWC00043,
SWC00044,
SWC00045,
SWC00046,
SWC00047,
SWC00049,
SWC00050,"Mừng sinh nhật sotrans, mãi yêuuuu"
SWC00052,Chúc mừng công ty phát triển thành công trên thị trường Quốc Tế🎂🎂🎂🎁🎁🎁🎉🎉🎉🌷🌷🌷
SWC00053,
SWC00054,
SWC00055,
SWC00056,
SWC00057,
SWC00058,
SWC00059,
SWC00060,
SWC00061,"Nhân dịp sinh nhật Sotrans, tôi xin gửi những lời tốt đẹp nhất, Happy Birthday!!!!!"
SWC00062,
SWC00063,
SWC00064,
SWC00065,
SWC00066,
SWC00068,
SWC00069,
SWC00070,Xin chúc Sinh Nhật Tổng Cty SWC-SOTRANS ! nửa Thế Kỷ-1 chặng đường.! ĐOÀN KẾT-VỮNG BƯỚC-PHÁT TRIỂN !
SWC00071,
SWC00072,
SWC00073,
SWC00074,HBPD
SWC00075,
SWC00076,Chúc đại giá đình Sotrans ngày một vươn cao vươn xa.Happy Birthday
SWC00077,
SWC00078,
SWC00079,Hpbd
SWC00080,Chúc mừng 50 năm sinh nhật
SWC00081,
SWC00082,
SWC00083,HPBD
SWC00085,Happy birthday ICD Sotrans
SWC00087,"Chúc công ty ngày càng phát triển, bền vững!"
SWC00088,
SWC00089,Happy birthday Sotrans
SWC00090,happy birthday
SWC00092,
SWC00093,Hpbd
SWC00094,Hpbd
SWC00095,
SWC00097,
SWC00098,
SWC00099,
SWC00100,Hpbd
SWC00101,
SWC00102,Chúc công Ty luôn làm ăn thinh vương
SWC00103,
SWC00104,Chúc mừng sinh nhật
SWC00106,Chúc mừng kỷ niệm 50 năm thành lập công ty. Chúc công ty luôn Phát triền và Thành công!
SWC00108,"""Chúc mừng sinh nhật Sotrans lần thứ 50! Hơn cả một công việc, nơi đây là gia đình, là niềm tự hào."
SWC00111,
SWC00113,
SWC00114,
SWC00115,
SWC00116,
SWC00117,
SWC00118,
SWC00120,
SWC00121,
SWC00122,
SWC00124,
SWC00125,
SWC00127,
SWC00130,
SWC00131,
SWC00132,
SWC00133,
SWC00134,
SWC00135,
SWC00136,
SWC00138,
SWC00139,
SWC00140,
SWC00141,
SWC00142,
SWC00143,
SWC00144,
SWC00145,
SWC00146,
SWC00147,
SWC00148,
SWC00149,
SWC00150,
SWC00151,
SWC00154,
SWC00155,
SWC00159,
SWC00160,
SWC00163,
SWC00164,
SWC00165,
SWC00166,
SWC00168,
SWC00169,
SWC00170,
SWC00172,
SWC00173,
SWC00174,
SWC00176,
SWC00178,
SWC00179,
SWC00180,
SWC00181,
SWC00182,
SWC00184,
SWC00186,
SWC00187,
SWC00188,
SWC00190,Mừng Sinh nhât - mỗi năm mỗi phát triển mạnh mẽ - tăng lương tăng thưởng nhân viên gấp gấp nhiều lần
SWC00191,
SWC00192,
SWC00193,
SWC00196,
SWC00197,
SWC00198,
SWC00199,
SWC00200,
SWC00201,
SWC00202,
SWC00203,
SWC00204,
SWC00205,
SWC00206,
SWC00213,
SWC00214,
SWC00215,
SWC00217,
SWC00218,
SWC00221,HPBD
SWC00225,
SWC00226,Chúc mừng sn
SWC00227,
SWC00231,"Chúc quý công ty làm ăn phát đạt, ngày càng phát triển và bền vững."
SWC00236,
SWC00238,CMSN
SWC00240,
SWC00241,
SWC00242,
SWC00243,
SWC00246,"Chúc SOTRANS sinh nhật vui vẻ, làm ăn phát đạt, vạn sự như ý."
SWC00247,
SWC00248,
SWC00249,
SWC00250,
SWC00251,
SWC00252,
SWC00253,
SWC00254,
SWC00255,
SWC00256,
SWC00257,
SWC00259,
SWC00260,
SWC00261,
SWC00262,
SWC00264,
SWC00266,
SWC00267,
SWC00268,
SWC00270,
SWC00271,
SWC00273,
SWC00279,
SWC00282,
SWC00289,
SWC00290,
SWC00291,
SWC00292,
SWC00294,
SWC00296,
SWC00297,
SWC00298,
SWC00299,
SWC00300,
SWC00301,
SWC00302,
SWC00303,
SWC00305,
SWC00306,
SWC00307,
SWC00308,
SWC00309,
SWC00310,
SWC00311,
SWC00312,
SWC00313,
SWC00314,
SWC00317,
SWC00318,
SWC00319,
SWC00320,
SWC00321,
SWC00322,
SWC00323,
SWC00324,
SWC00325,
SWC00326,
SWC00329,
SWC00330,
SWC00331,
SWC00333,
SWC00334,
SWC00335,
SWC00338,
SWC00340,
SWC00344,
SWC00345,
SWC00346,
SWC00348,
SWC00350,
SWC00351,
SWC00352,
SWC00353,
SWC00354,
SWC00356,
SWC00357,
SWC00358,
SWC00359,
SWC00360,
SWC00361,
SWC00362,
SWC00363,
SWC00364,
SWC00365,
SWC00366,
SWC00367,
SWC00368,
SWC00371,
SWC00372,
SWC00374,
SWC00376,
SWC00377,
SWC00378,
SWC00379,
SWC00380,
SWC00381,
SWC00382,
SWC00383,
SWC00385,
SWC00386,
SWC00388,
SWC00389,
SWC00390,
SWC00391,
SWC00392,
SWC00395,
SWC00396,
SWC00397,
SWC00398,
SWC00399,
SWC00400,
SWC00401,
SWC00402,
SWC00403,
SWC00404,
SWC00405,
SWC00406,
SWC00407,
SWC00408,
SWC00409,
SWC00410,
SWC00411,
SWC00412,
SWC00413,
SWC00414,
SWC00415,
SWC00417,
SWC00418,
SWC00419,
SWC00421,
SWC00423,
SWC00424,
SWC00425,
SWC00426,
SWC00428,
SWC00429,
SWC00430,
SWC00431,
SWC00433,
SWC00434,
SWC00435,
SWC00436,
SWC00437,
SWC00438,
SWC00439,
SWC00440,
SWC00441,
SWC00442,
SWC00443,
SWC00444,
SWC00447,
SWC00448,
SWC00450,
SWC00452,
SWC00461,
SWC00462,
SWC00463,
SWC00466,
SWC00467,
SWC00468,
SWC00470,
SWC00473,
SWC00474,
SWC00475,CHÚC SWC PHÁT LÀM ĂN PHÁT ĐẠT
SWC00476,
SWC00477,
SWC00479,
SWC00480,chúc sowatco tuyển nhiều gái đẹp
SWC00482,
SWC00483,
SWC00484,
SWC00487,
SWC00489,
SWC00490,
SWC00494,
SWC00495,
SWC00496,
SWC00497,
SWC00500,Chúc mừng SOWATCO và Sotrans Group ghi dấu ấn nửa thế kỷ xây dựng và phát triển!
SWC00505,
SWC00506,
SWC00507,
SWC00508,
SWC00510,chúc mừng sinh nhật SOTRANS group
SWC00511,
SWC00514,
SWC00515,
SWC00516,
SWC00518,
SWC00519,
SWC00520,
SWC00521,
SWC00522,
SWC00527,
SWC00531,
SWC00532,
SWC00533,
SWC00534,
SWC00535,
SWC00536,
SWC00537,
SWC00539,
SWC00540,
SWC00541,
SWC00542,
SWC00543,
SWC00544,
SWC00545,
SWC00547,
SWC00548,
SWC00549,"Chúc mừng công ty đã thêm tuổi mới! Mong rằng công ty mãi luôn 'xịn sò',"
SWC00550,
SWC00552,
SWC00553,
SWC00554,CHÚC CÔNG TY MÌNH 8386 MÃI ĐỈNH MÃI ĐỈNH Ạ <3
SWC00555,
SWC00556,
SWC00557,
SWC00558,
SWC00559,
SWC00560,
SWC00561,
SWC00563,
SWC00564,
SWC00566,
SWC00567,
SWC00570,
SWC00571,
SWC00572,
SWC00573,
SWC00574,
SWC00576,
SWC00577,
SWC00578,
SWC00579,
SWC00580,
SWC00581,
SWC00582,
SWC00584,
SWC00585,
SWC00586,
SWC00589,
SWC00590,
SWC00592,
SWC00594,
SWC00595,
SWC00598,
SWC00599,
SWC00600,
SWC00601,
SWC00602,
SWC00603,
SWC00605,
SWC00611,
SWC00613,
SWC00614,
SWC00615,
SWC00616,
SWC00618,
SWC00620,Chúc đại gia đình STG ngày càng phát triển rực rỡ và chạm tới nhiều cột mốc 50 năm tiếp theo! <3
SWC00623,
SWC00626,
SWC00628,
SWC00629,
SWC00630,
SWC00631,
SWC00633,
SWC00634,
SWC00635,
SWC00636,
SWC00637,
SWC00638,Hpbd
SWC00639,
SWC00640,
SWC00641,
SWC00642,
SWC00643,
SWC00644,
SWC00646,
SWC00647,"Chúc mừng sinh nhật Sotrans Group – 50 năm vững bước, trọn niềm tin!"
SWC00648,
SWC00649,
SWC00650,
SWC00651,
SWC00653,
SWC00654,
SWC00655,
SWC00656,
SWC00657,
SWC00659,
SWC00660,
SWC00662,CHÚC MỪNG SINH NHẬT SOTRANS
SWC00663,
SWC00664,
SWC00665,
SWC00666,
SWC00667,
SWC00668,"Kính chúc công ty sẽ ngày phát triển mạnh mẽ, tiếp tục có những bước đi thật vững chắc."
SWC00669,
SWC00670,Chúc mừng sinh nhật Công ty Sowatco. Chúc Công ty ngày càng phát đạt.
SWC00671,
SWC00672,
SWC00675,
SWC00680,
SWC00681,
SWC00682,
SWC00684,
SWC00685,HPBDD
SWC00686,
SWC00687,
SWC00688,
SWC00689,
SWC00692,
SWC00693,
SWC00694,
SWC00695,
SWC00697,
SWC00698,
SWC00699,"Chúc công ty càng ngày càng phát triển, vững mạnh và ngày càng giàu đẹp."
SWC00700,
SWC00701,
SWC00702,
SWC00703,
SWC00704,
SWC00705,
SWC00706,
SWC00707,
VTX00003,
VTX00004,
VTX00005,
VTX00006,
VTX00008,
VTX00009,
VTX00010,
VTX00012,
VTX00014,
VTX00016,
VTX00018,
VTX00019,
VTX00022,
VTX00023,
VTX00024,
VTX00025,
VTX00026,
VTX00028,
VTX00029,
VTX00031,
VTX00032,
VTX00033,VTX 00033
VTX00034,
VTX00038,
VTX00039,
VTX00041,"Chúc mừng Sotrans 50 năm thành lập. Chúc thành công, vững tiến."
VTX00042,
VTX00044,
VTX00045,
VTX00046,Chúc mừng kỷ niệm 50 năm Sotrans – mãi vững mạnh và thịnh vượng!
VTX00047,
VTX00048,
VTX00050,
VTX00051,
VTX00054,
VTX00055,50 năm một chặng đường – chúc Sotrans tiếp tục thành công và vươn tầm quốc tế
VTX00056,
VTX00058,
VTX00059,
VTX00060,"Chúc Sotrans Group luôn luôn vững mạnh, thành công"
VTX00062,"Chúc mừng Sotrans 50 năm thành lập – vững bước, thành công, vươn xa!"
VTX00066,"Chúc mừng Sotrans 50 năm thành lập – vững bước, thành công, vươn xa!"
VTX00068,
VTX00069,
VTX00072,
VTX00073,
VTX00074,
VTX00075,Chúc mừng sinh nhật chúc mừng sinh nhật
VTX00076,
VTX00077,
VTX00078,
VTX00081,"Chúc mừng Sotrans 50 năm thành lập – vững bước, thành công, vươn xa!"
VTX00082,
VTX00083,
VTX00084,
VTX00085,
VTX00086,
VTX00087,
VTX00088,Chúc mừng sinh nhật
VTX00089,
VTX00093,
VTX00094,Xin chúc mừng Sotrans 50 ăm một chặng đường – chúc Sotrans tiếp tục thành công và vươn tầm quốc tế!
VTX00095,
VTX00097,
VTX00098,Chúc mừng Sotrans 50 năm thành lập luôn ngày càng phát triển vững mạnh
VTX00099,Chúc mừng sinh nhật sotrans group mãi đỉnh 8386 ❤️❤️❤️
VTX00100,"Chúc mừng Sotrans tròn 80 năm xây dựng và phát triển. Kính chúc công ty ngày càng vững mạnh, bứt phá"
VTX00103,
VTX00105,
VTX00106,
VTX00107,
VTX00109,
VTX00111,
VTX00115,
VTX00117,"Chúc Sotrans Group ngày càng bền vững, phát triển mạnh mẽ và vương xa."
VTX00123,
VTX00132,Sotrans 50 năm
VTX00133,
VTX00134,
VTX00139,
VTX00140,
VTX00141,Chúc mừng sinh nhật 50 năm STG
VTX00148,
VTX00149,
VTX00151,
VTX00152,
VTX00153,
VTX00159,
VTX00164,
VTX00172,Chúc mừng kỷ niệm 50 năm Sotrans – mãi vững mạnh và thịnh vượng!
VTX00173,
VTX00177,"Chúc mừng kỷ niệm 50 năm Sotrans – thành công, phát triển, vững mạnh!"
VTX00230,50 năm một chặng đường- chúc Sotrans tiếp tục thành công và vươn tầm quốc tế.
VTX00232,"Chúc mừng Sotrans 50 năm thành lập - vững bước, thành công, vươn xa!"
VTX00233,"Chúc mừng Sotrans 50 năm thành lập – vững bước, thành công, vươn xa!"
VTX00234,VTX00235
VTX00235,
VTX00236,"Chúc mừng Sotrans 50 năm thành lập – vững bước, thành công, vươn xa!"
VTX00237,
VTX00238,
VTX00240,Chúc cty tuổi mới nhiều thuận lợi và vững mạnh
VTX00241,"Nửa thế kỷ Sotrans – Niềm tự hào logistics Việt, vươn mình quốc tế!"
VTX00242,
VTX00245,
VTX00248,
VTX00249,Chúc mừng Sotrans 50 năm hình thành và phát triển.
VTX00252,
VTX00254,Chúc công ty một năm phát đạt và thành công
VTX00255,
VTX00256,
VTX00257,"Mừng công ty lớn mạnh và gặt hái thêm nhiều thành tựu, chinh phục thêm những cột mốc mới."
VTX00258,
VTX00262,50 năm một chặng đường – chúc Sotrans tiếp tục thành công và vươn tầm quốc tế!
VTX00263,
VTX00264,
VTX00265,
VTX00266,
VTX00267,
VTX00268,
VTX00270,
VTX00271,
VTX00272,
VTX00275,
VTX00276,HAPPY BIRTHDAY
VTX00277,
VTX00278,
VTX00279,
VTX00280,"Năm mươi năm – một hành trình đáng tự hào, ghi dấu bằng biết bao nỗ lực, sáng tạo và thành tựu vượt"
VTX00281,"Chúc STG ngày càng phát triển vững mạnh,gặt hái thành công và giữ vững vị thế tiên phong trong ngành"
VTX00282,
VTX00283,Chúc mừng sinh nhật 50 năm STG
VTX00284,
